event_id,psychology_test_name,tarot_spread_type,astrology_feature_used,breathing_technique,sound_healing_instrument,mantra_type,yoga_level
105e3d79,,,,,,,4-7-8 breathing
1043f296,,,,,,,4-7-8 breathing
d084a3a9,,,,,,,4-7-8 breathing
379c5a59,,,,,,,4-7-8 breathing
b6d81f79,,,,,,,4-7-8 breathing
56d05544,,,,,,,4-7-8 breathing
00e6fefa,,,,,,,4-7-8 breathing
670a18f5,,,,,,,4-7-8 breathing
783f2bd5,,,,,,,4-7-8 breathing
a1d28ae8,,,,,,,4-7-8 breathing
bdceedfb,,,,,,,Gayatri mantra
71b6e622,,,,,,,Gayatri mantra
33006b87,,,,,,,Gayatri mantra
e5db3068,,,,,,,Gayatri mantra
13bfc64e,,,,,,,Gayatri mantra
01fbb616,,,,,,,Gayatri mantra
c050f0ab,,,,,,,Gayatri mantra
e5c4c218,,,,,,,Gayatri mantra
fe93a745,,,,,,,Gayatri mantra
d2b20c41,,,,,,,Gayatri mantra
56f2b08c,,,,,,,Gayatri mantra
acdb3000,,,,,,,Gayatri mantra
d84571a2,,,,,,,Gayatri mantra
b5d40a67,,,,,,,Gayatri mantra
a214204d,,,,,,,Mahamrityunjaya mantra
86c77ca6,,,,,,,Mahamrityunjaya mantra
9343c7d3,,,,,,,Mahamrityunjaya mantra
6573ed25,,,,,,,Mahamrityunjaya mantra
126fc22a,,,,,,,Mahamrityunjaya mantra
9764c497,,,,,,,Mahamrityunjaya mantra
932e2730,,,,,,,Mahamrityunjaya mantra
62f0a532,,,,,,,Mahamrityunjaya mantra
5ccaaf57,,,,,,,Mahamrityunjaya mantra
738e0310,,,,,,,Mahamrityunjaya mantra
590591ea,,,,,,,Mahamrityunjaya mantra
f22c7afe,,,,,,,Mahamrityunjaya mantra
26bc40ef,,,,,,,Mahamrityunjaya mantra
755ecf8f,,,,,,,Mahamrityunjaya mantra
41672612,,,,,,,Mahamrityunjaya mantra
6f4017f3,,,,,,,Mahamrityunjaya mantra
632594a5,,,,,,,Om chanting
00ed0867,,,,,,,Om chanting
4c5895fa,,,,,,,Om chanting
b177c991,,,,,,,Om
b177c991,,,,,,,Om chanting
b177c991,,,,,,,Om
b177c991,,,,,,,Om chanting
6b40342d,,,,,,,Om chanting
35b44655,,,,,,,Om chanting
30c355da,,,,,,,Om chanting
b0cc133d,,,,,,,Om chanting
e64e282e,,,,,,,Om chanting
20b0275f,,,,,,,Om chanting
f09bb004,,,,,,,Om chanting
d35cf0aa,,,,,,,Om chanting
66c8e387,,,,,,,Wim Hof breathing
69a90699,,,,,,,Wim Hof breathing
37553db3,,,,,,,Wim Hof breathing
5ab24bfa,,,,,,advanced,
e160ec5e,,,,,,,
6a4aad9d,,,,,,,
39b4e7c0,,,,,,,
bb4879e3,,,,,,,
17bedb83,,,,,,,
b218784e,,,,,,,
42ddd84c,,,,,,,
3a39db91,,,,,,,
322d5de2,,,,,,,
3662ba3c,,,,,,,
dde95167,,,,,,,
8c673e43,,,,,,,
dcd2d614,,,,,,,
163aa54f,,,,,,,
3c1a59e6,,,,,,,
763ff44e,,,,,,,
bd2e45bc,,,,,,,
0be84691,,,,,,,
7c153d0e,,,,,,,
e6c7ddce,,,,,,,
ce45dff3,,,,,,,
d69a183e,,,,,,,
9e8bffce,,,,,,,
dd0f74c7,,,,,,,
e37bcb4c,,,,,,,
45cd0e13,,,,,,,
c2992e26,,,,,,,
5e689e07,,,,,,,
4ae09a60,,,,,,,
81127cd2,,,,,,,
0ceb9f52,,,,,,,
bc7dd49a,,,,,,,
9c1af522,,,,,,,
d0c58c43,,,,,,,
205abd1a,,,,,,,
4f3aaa83,,,,,,,
bbe9c659,Anxiety Assessment,,,,,,
a49bafba,Anxiety Assessment,,,,,,
78702d6c,,,natal_chart,,,,
b43b78b8,,,compatibility_report,,,,
b2fd7cd1,,,,,,beginner,
8145252f,,,,,,beginner,
bfc1defd,,,,,,beginner,
7c93e29c,,,,,,beginner,
a9800e9f,,,,,,,box_breathing
133268ca,,,,,,,box_breathing
bcd4163c,,,,,,,box_breathing
9ca56eeb,,,,,,,box_breathing
6e82df16,,,,,,,box_breathing
0ab908df,,,,,,,box_breathing
de25cb9a,,,,,,,box_breathing
0f5d2a36,,,,,,,box_breathing
937722e1,,,,,,,box_breathing
140be8b5,,,,,,,box_breathing
3157a1f5,,,,,,,box_breathing
027e5522,,,,,,,box_breathing
15595c7e,,,,,,,box_breathing
73ac51b0,,,,,,,box_breathing
39d25e69,,,,,,,box_breathing
875bf76d,,,,,,,box_breathing
5b035b2c,,,,,,,box_breathing
fad1fed2,,,,,,,box_breathing
f9f72895,,,,,,,box_breathing
234f47b9,,,,,,,box_breathing
a6faa210,,,,,,,box_breathing
6263c75c,,,,,,,box_breathing
830502fb,,,,,,,box_breathing
d225c004,,,,,,,box_breathing
2f5b048f,,,,,,,box_breathing
345cb604,,,,,,,box_breathing
47e5d7f8,,,,,,,box_breathing
30e9036e,,,,,,,box_breathing
e68a2f92,,,,,,,box_breathing
378f81cc,,,,,,,box_breathing
7ec16af3,,,,,,,box_breathing
1b77ed64,,,,,,,box_breathing
6b448c61,,,,,,,box_breathing
c7f785e2,,,,,,,box_breathing
1ec1126c,,celtic_cross,,,,,
0e3f9d8c,,celtic_cross,,,,,
b1913bd7,,,compatibility_report,,,,
1e37261c,,,daily_forecast,,,,
14d28ea3,,,,,,,gong
8183aad4,,,,,,,gong
5ce6b633,,,,,,,gong
148801ad,,,,,,,gong
c4da2994,,,,,,,gong
8e05a92b,,,,,,,gong
b8686f48,,,,,,intermediate,
7fa6e6c7,,,,,,intermediate,
ffbba01f,,,,,,intermediate,
eec37408,,,,,,intermediate,
29e4f88a,,,,,,intermediate,
a89c50b6,,,,,,intermediate,
a49a577f,,,,,,intermediate,
749830d9,,,,,,,
6b4e7c37,,,,,,,
bb59c806,,,,mahamrityunjaya_mantra,protected,,
2de25033,,,,,,,mahamrityunjaya_mantra
c505ae0c,,,,,,,mahamrityunjaya_mantra
f08617c0,,,,,,,mahamrityunjaya_mantra
709445b7,,,,,,,mahamrityunjaya_mantra
d1da8831,,,,,,,
a2466c82,,,,,,,
8c2f480a,,,,,,,
c0496986,,,,,,,
6d226499,,,,,,,
8f334538,,,,,,,
6acb34a0,,,,,,,
663df467,,,,,,,
6e00c8ee,,,,,,,
f787a81a,,,,,,,
48403635,Stress Relief Meditation,,,,,,
e5cff82d,,,,,,,
4fcdb73c,,,,,,,
b61f1162,Stress Relief at Work,,,,,,
c50d9735,Evening Gratitude,,,,,,
f54755d9,Deep Relaxation Journey,,,,,,
c82a6617,,,,,,,
a665b070,,,,,,,
84b23fcb,,,,,,,
36e8f610,Body Scan Relaxation,,,,,,
10213afe,,,,,,,
24a08d7f,,,,,,,
5638116f,,,,,,,
bcd69679,,,,,,,
0ead6c3e,,,,,,,
56222b3a,,,,,,,
e6626cc2,,,,,,,
d628ace7,,,,,,,
aeac88b8,Let Go of Stress,,,,,,
3b3db2d9,,,,,,,
067bb410,,,,,,,
aca2718f,Stress Release,,,,,,
a5ce3996,,,,,,,
88a24b32,,,,,,,
43ddb0e7,,,,,,,
53a4682f,,,,,,,
a21a32c6,,,,,,,
70130cee,,,,,,,
cbc7d61e,,,,,,,
6d0473a1,,,,,,,
9b9f5881,,,,,,,
af02fae1,,,,,,,
6ff1f408,,,,,,,
3779056d,,,,,,,
22e33990,,,,,,,
6e5793a7,,,,,,,
97c30e7d,,,,,,,
f26797dc,,,,,,,
5bdbdb8b,,,,,,,
3535a065,,,,,,,
193d25af,,,,,,,
b6271621,,,,,,,
0ec47afc,,,,,,,
dd74288c,,,,,,,
6f13f83e,,,,,,,
16145a1a,,,,,,,
3ada06d0,,,,,,,
406d25e5,,,,,,,
05be1ccd,Hump Day Release,,,,,,
62adf500,,,,,,,
bd795fc9,,,,,,,
62434f58,,,,,,,
c0c70324,,,,,,,
c42d46fa,,,,,,,
118944dc,,,,,,,
ad186580,,,,,,,
a0c0d555,,,,,,,
a22de7f9,,,,,,,
512c4d61,,,,,,,
d3fa6688,,,,,,,
caa65e5a,,,,,,,
240eee25,,,,,,,
1f3eb46b,,,,,,,
0d057a9e,,,,,,,
0e36baed,,,,,,,
99e69052,,,,,,,
74ec3f83,,,,,,,
8e9197be,,,,,,,
aaaa5559,,,,,,,
6595e3de,,,,,,,
47a5609d,,,,,,,
bb91db65,,,,,,,
fdabbe96,,,,,,,
777034fe,,,,,,,
e9f164e5,,,,,,,
f7c52cfa,,,,,,,
914a5c3c,,,,,,,
12d7c849,,,,,,,
d5da0dc5,,,,,,,
f28e407b,,,,,,,
f5c2e0bc,,,,,,,
409a3277,,,,,,,
795f1400,,,,,,,
5a62c785,,,,,,,
780e8404,,,,,,,
4a2af055,,,,,,,
76f5f4eb,,,,,,,
2cbede34,,,,,,,
6280410d,,,,,,,
e17b8cf9,,,,,,,
8aae49ce,,,,,,,
0d3e218c,,,,,,,
2195f449,,,,,,,
ac5274ac,,,,,,,
0176a1ee,,,,,,,
f4dabb3a,,,,,,,
10751ad4,,,,,,,
427f2aa5,,,,,,,
0b606b16,,,,,,,
6d978c77,,,,,,,
34d1efa3,,,,,,,
1f12e2a6,,,,,,,
bfd183c1,,,,,,,
638d5089,,,,,,,
e3e5905b,,,,,,,
9222fa76,,,,,,,
4b9297cc,,,,,,,
384da460,,,,,,,
999f8ea7,,,,,,,
ef264583,,,,,,,
51c87d5f,,,,,,,
cc355831,,,,,,,
bf9ea5b0,,,,,,,
9b777d3f,,,,,,,
7cf8719b,,,,,,,
f070f468,,,,,,,
a1a9b0d4,,,,,,,
7214af7a,,,,,,,
ea2722d0,,,,,,,
51f89878,,,,,,,
5f036ec1,,,,,,,
02e30827,,,,,,,
f652b2cf,,,,,,,
c7172d0f,,,,,,,
991c2184,,,,,,,
d986f8a8,,,,,,,
8c5f3f0c,,,,,,,
eef30ea9,,,,,,,
54cac741,,,,,,,
2681153b,,,,,,,
bee53f68,,,,,,,
077d010c,,,,,,,
078aca63,,,,,,,
408f3971,,,,,,,
b32a69ee,,,,,,,
cc4f30a7,,,,,,,
9bd6a464,,,,,,,
c2c8f4ad,,,,,,,
5a71b814,,,,,,,
13ce7db3,,,,,,,
0e96ef11,,,,,,,
8bce3e28,,,,,,,
70e51378,,,,,,,
81d3e93d,,,,,,,
a3c17946,,,,,,,
dc01a268,,,,,,,
b4020c29,,,,,,,
00ca3656,,,,,,,
8bb91f0f,,,,,,,
7095ae0a,,,,,,,
055c4b49,,,,,,,
d5f2d1d3,,,,,,,
c0a183ed,,,,,,,
6c0078bd,,,,,,,
b21fbdf8,,,,,,,
15bd917a,,,,,,,
5ef1bda8,,,,,,,
4d80e50c,,,,,,,
08c66ce5,,,,,,,
90e39960,,,,,,,
594c1d3a,,,,,,,
0bd1866c,,,,,,,
a3e08515,,,,,,,
cd91c3d0,,,,,,,
a610fa77,,,,,,,
657ae37a,,,,,,,
936fd45a,,,,,,,
091cd069,,,,,,,
3f6a0941,,,,,,,
8f9b4f77,,,,,,,
408c5e73,,,,,,,
2471421e,,,,,,,
2b5bee3c,,,,,,,
6b6fbedd,,,,,,,
bc358277,,,,,,,
08c3852f,,,,,,,
e1385c72,,,,,,,
514da7f8,,,,,,,
a1b4f16f,,,,,,,
3a4ba2bc,,,,,,,
c21b28a6,,,,,,,
a1d81d57,,,,,,,
acf9123d,,,,,,,
ecfa7869,,,,,,,
162ec881,,,,,,,
ab396be3,,,,,,,
2349fe86,,,,,,,
a219e66d,,,,,,,
5f49ce85,,,,,,,
78ecd7eb,,,,,,,
ca546080,,,,,,,
80a1f190,,,,,,,
85a3429e,,,,,,,
aa12cbab,,,,,,,
62a76d81,,,,,,,
010df8b6,,,,,,,
26d25473,,,,,,,
24a08d7f,,,,,,,
224f4549,,,,,,,
1d3673e6,,,,,,,
3f2ee784,,,,,,,
6201f065,,,,,,,
0f0285ae,,,,,,,
602816d0,,,,,,,
29276591,,,,,,,
33b16da5,,,,,,,
aeac88b8,,,,,,,
f92392ae,,,,,,,
bf52ff75,,,,,,,
0a85ee98,,,,,,,
8c82eceb,,,natal_chart,,,,
6937c0a2,,,natal_chart,,,,
5d9f5aa4,,,,,,,
40dba276,,,,,,,
84b452a3,Anxiety Level Assessment,,,,,,
1eec8c50,Anxiety Level Assessment,,,,,,
d3d7ebd5,Stress Assessment Test,,,,,,
3f71d248,Stress Assessment Test,,,,,,
3bca3c5a,Mindfulness Assessment,,,,,,
613c1235,Mindfulness Assessment,,,,,,
197d8ddc,Emotional Balance Check,,,,,,
c6e124f2,Emotional Balance Check,,,,,,
c823717d,,,,,,,singing_bowl
3f560c6e,,,,,,,singing_bowl
a901af64,,,,,,,singing_bowl
17b5aa82,,,,,,,singing_bowl
3d144c1b,,,,,,,singing_bowl
90e5993e,,,,,,,singing_bowl
4af23ee4,,,,,,,singing_bowl
8470076e,,,,,,,
aba57f04,,,,,,,
d28f9105,,,,,,,
bf4ee742,,,,,,,
b5c32263,,,,,,,
a66080ce,,,,,,,
a6474c4e,,,,,,,
1d31077c,,,,,,,
bc3ce1fe,,,,,,,
bf297ec1,,,,,,,
66242576,,,,,,,
1e21a1fd,,,,,,,
a176eaca,,,,,,,
a3790431,,,,,,,
8a836b8f,,,,,,,
a4705e6f,,,,,,,
23e20905,,,,,,,
acbfa56f,,,,,,,
e3196444,,,,,,,
98b165d1,,,,,,,
fc61d7e1,,,,,,,
3d5b1201,,,,,,,
27ef430c,,,,,,,
3fbdab97,,,,,,,
b2f3bd9a,,,,,,,
66b9d7ea,,,,,,,
223b75a7,,,,,,,
1c2e605a,,,,,,,
8b870233,,,,,,,
c5708543,,,,,,,
a7a00072,,,,,,,
c4a6029b,,,,,,,
d9b11ffd,,,,,,,
0150db19,,,,,calm,singing_bowl,
053eb7fe,,,,,calm,crystal_bowls,
755aba22,,,,,gong,,
d14523f1,,,,,tuning_fork,,
33d1e60f,,,,,gong,,
521b719c,,,,,singing_bowl,,
ddf1d5d2,,,,,singing_bowl,,
7b28acc1,,,,,singing_bowl,,
810ec5a5,,,,,singing_bowl,,
a20d6017,,,,,,,
fca34c6f,,,,,,,
54be0b3b,,,,,,,
ae99a67b,,,,,,,
41a487ac,,,,,,,
c71638da,,,,,,,
24b57608,,,,,,,
7d746637,,,,,,,
9fe37d4a,,,,,,,
7b7c5a22,,,,,,,
db040ee5,Stress Level Quiz,,,,,,
2355e9ae,Stress Level Quiz,,,,,,
e2839d9f,,,,,,,
e43e7bdf,,,,,,,
0ea2b6a5,,,,,,,
af914f69,,,,,,,
d13100b7,,relationship_spread,,,,,
520dec29,,three_cards,,,,,
876bb7f1,,three_cards,,,,,
8865cc84,,relationship_spread,,,,,
ef12e3ae,,three_cards,,,,,
56f1c7cc,,three_cards,,,,,
e3af7e75,,celtic_cross,,,,,
324d5186,,relationship_spread,,,,,
3390c99d,,celtic_cross,,,,,
aeaa0ced,,relationship_spread,,,,,
ce8160bd,,three_cards,,,,,
ec1f72bf,,three_cards,,,,,
1f978ce5,,three_cards,,,,,
f556bb9d,,,transit_chart,,,,
4d30d923,,,transit_chart,,,,
e4eb1108,,,,,,,tuning_fork
b788e93f,,,,,,,tuning_fork
3f4be7ee,,,,,,,tuning_fork
92ee14db,,,,,,,tuning_fork
a474f3b6,,,,,,,tuning_fork
06084d89,,,,,,,
62ee8bee,,,,,focused,,intermediate
544d80d9,,,,,,,advanced
82a068d1,,,,,,,beginner
49d920fb,,,,,,,intermediate
5202e220,,,,,,,beginner
10744cdf,,,,,,,beginner
053f22a7,,,,,,,intermediate
48f71c70,,,,,,,intermediate
aa944ad2,,,,,,,intermediate
dee4c848,,,,,,,intermediate
c9329102,,,,,,,advanced
816860cf,,,,,,,intermediate
d7bcf076,,,,,,,intermediate
118f47ad,,,,,,,beginner
7bc3c268,,,,,,,intermediate
39ab79ed,,,,,,,beginner
e9ccd12a,,,,,,,advanced
8a889abc,,,,,,,beginner
66d798ce,,,,,,,beginner
fabcc04a,,,,,,,intermediate
84bacb8a,,,,,,,intermediate
f9454704,,,,,,,intermediate
90f10376,,,,,,,advanced
b0d48e1c,,,,,,,intermediate
5915bd93,,,,,,,intermediate
8553e5a4,,,,,,,intermediate
b76d6b1f,,,,,,,intermediate
c6aeb684,,,,,,,beginner
7f35a361,,,,,,,beginner
4125aa5e,,,,,,,intermediate
2614d3a4,,,,,,,intermediate
cf52c791,,,,,,,intermediate
7bbb3563,,,,,,,intermediate
047b2937,,,,,,,intermediate
53d59a63,,,,,,,intermediate
1bf64706,,,,,,,intermediate
e1eedc93,,,,,,,intermediate
e4bd1865,,,,,,,intermediate
eaae0c8e,,,,,,,intermediate
0d33de94,,,,,,,intermediate
762eaad6,,,,,,,intermediate
9e6151de,,,,,,,intermediate
8520f1cf,,,,,,,
76639d1e,,,,,,,
9eb35ed1,,,,,,,
b792c926,,,,,,,
4701fd33,,,,,,,
31077531,,,,,,,
63858eaa,,,,,,,
9f93fc0c,,,,,,,
b4821536,,,,,,,
06e123bf,,,,,,,
68ff2e80,,,,,,,
6cb6d1a7,,,,,,,
18b1d18e,,,,,,,
e6a58ee9,,,,,,,
711e7990,,,,,,,
90e02a26,,,,,,,
323686c1,,,,,,,
d8ee9ffc,,,,,,,
b9fad74a,,,,,,,
a922dee5,,,,,,,
b599a852,,,,,,,
fdbfbaf4,,,,,,,
0cd5552b,,,,,,,
8b650343,,,,,,,
af9a4893,,,,,,,
b6a5e63c,,,,,,,
78b9a691,,,,,,,
2ea850b2,,,,,,,
b123c850,,,,,,,
c4743af0,,,,,,,
6a16461b,,,,,,,
911592dd,,,,,,,
68d62ba5,,,,,,,
5686824a,,,,,,,
3f3c45de,,,,,,,
77755b54,,,,,,,
31553e8c,,,,,,,
96e226db,,,,,,,
b244b212,,,,,,,
b6ba92e0,,,,,,,
68663f83,,,,,,,
ff636ce3,,,,,,,
eaf6dc21,,,,,,,
cfbeee12,,,,,,,
537c3cf6,,,,,,,
f667eeb4,,,,,,,
07a6550b,,,,,,,
8171049a,,,,,,,
5de2b1d6,,,,,,,
cc781297,,,,,,,
12631bc8,,,,,,,
2f4d3bcd,,,,,,,
bf237e4f,,,,,,,
1b0135ba,,,,,,,
e61de9f9,,,,,,,
66572c2b,,,,,,,
0f8c0429,,,,,,,
1baf1ed6,,,,,,,
f33d5be8,,,,,,,
30188129,,,,,,,
f83b844d,,,,,,,
5a864ed3,,,,,,,
27d615b6,,,,,,,
37311a2c,,,,,,,
94c36527,,,,,,,
3bcde88d,,,,,,,
ff8e501b,,,,,,,
198cbae1,,,,,,,
3faa82b9,,,,,,,
b7de3d99,,,,,,,
b89118e7,,,,,,,
d0b6893b,,,,,,,
8f8864d4,,,,,,,
0ab730c2,,,,,,,
a0e9ba70,,,,,,,
bf75b40c,,,,,,,
cd12b25c,,,,,,,
5a3f6328,,,,,,,
bbbfbcd6,,,,,,,
52002782,,,,,,,
5fa6e1b5,,,,,,,
30fe6565,,,,,,,
038865de,,,,,,,
654d5f10,,,,,,,
f9930b85,,,,,,,
d68a401b,,,,,,,
aae60b0e,,,,,,,
00671b51,,,,,,,
bfe410bc,,,,,,,
ce41061e,,,,,,,
b78ac02c,,,,,,,
95b5e94a,,,,,,,
c8f59cea,,,,,,,
31eff790,,,,,,,
4c2b5299,,,,,,,
059ef69b,,,,,,,
d46176a4,,,,,,,
3ed9ea9d,,,,,,,
7afaeb61,,,,,,,
97f7fe8a,,,,,,,
32c4b5e5,,,,,,,
e4aa4a4b,,,,,,,
854e0340,,,,,,,
e7b6400b,,,,,,,
d5c38bff,,,,,,,
62a982ec,,,,,,,
cb5ba342,,,,,,,
fe55ad15,,,,,,,
d05e43e1,,,,,,,
18dbf300,,,,,,,
11fb9a50,,,,,,,
1c20995c,,,,,,,
276e35de,,,,,,,
791f6d61,,,,,,,
922b4a40,,,,,,,
ba4d9961,,,,,,,
71680a20,,,,,,,
b9e4fdff,,,,,,,
a28b422c,,,,,,,
a58d320f,,,,,,,
be72bbb7,,,,,,,
23f94a29,,,,,,,
491aefbc,,,,,,,
8d280222,,,,,,,
45cf81df,,,,,,,
5794315c,,,,,,,
7ee805a3,,,,,,,
2a160468,,,,,,,
31340e6d,,,,,,,
eeef2327,,,,,,,
6593e321,,,,,,,
f81a4438,,,,,,,
2b28f095,,,,,,,
6f21b092,,,,,,,
4aa3367d,,,,,,,
29686294,,,,,,,
b83548e0,,,,,,,
5a6306a1,,,,,,,
ff91849b,,,,,,,
2a55f297,,,,,,,
42250a92,,,,,,,
f08a14bc,,,,,,,
1077529a,,,,,,,
9c1507e2,,,,,,,
cc1cc5b1,,,,,,,
ac1b1b64,,,,,,,
b20541b0,,,,,,,
872f6a40,,,,,,,
06e3aece,,,,,,,
0951fad4,,,,,,,
f5bce7d0,,,,,,,
acad99dd,,,,,,,
fe0148c0,,,,,,,
572bb85f,,,,,,,
f7989c3c,,,,,,,
a87640d6,,,,,,,
fcb05f9e,,,,,,,
d965428d,,,,,,,
5b0d9b59,,,,,,,
079c0700,,,,,,,
14078ccb,,,,,,,
68dddec9,,,,,,,
07d53d89,,,,,,,
b140344d,,,,,,,
d5edc7a6,,,,,,,
6fb2418d,,,,,,,
dc5cd59b,,,,,,,
dd8d4604,,,,,,,
623dcaac,,,,,,,
6ce1208d,,,,,,,
7b5552f3,,,,,,,
0a8b5371,,,,,,,
dd829089,,,,,,,
b6e75df7,,,,,,,
ac531a68,,,,,,,
2407dcc1,,,,,,,
cf780d1a,,,,,,,
de915143,,,,,,,
fea1d8f4,,,,,,,
cc656c3b,,,,,,,
89c523a8,,,,,,,
8397cfe8,,,,,,,
987ab564,,,,,,,
05d0c349,,,,,,,
c2052874,,,,,,,
41e67faa,,,,,,,
785f22e5,,,,,,,
4b05c719,,,,,,,
cd40559b,,,,,,,
9b4f250b,,,,,,,
f83d9af6,,,,,,,
d2e245c7,,,,,,,
95d7abc0,,,,,,,
ad54a093,,,,,,,
3f097ad6,,,,,,,
e0b0eafd,,,,,,,
6797f0c9,,,,,,,
fccba243,,,,,,,
0dcee947,,,,,,,
5a80ce50,,,,,,,
e4561957,,,,,,,
c7cd17f9,,,,,,,
3974e01a,,,,,,,
9fdddac6,,,,,,,
993444d0,,,,,,,
b8458d8c,,,,,,,
6d5a7e2d,,,,,,,
a5f7b630,,,,,,,
6abef1ba,,,,,,,
3a7cf2d2,,,,,,,
983a0488,,,,,,,
94b7c390,,,,,,,
0741c511,,,,,,,
ffaffcde,,,,,,,
69b6399e,,,,,,,
ec75f352,,,,,,,
89d4fa8a,,,,,,,
f2d64275,,,,,,,
fb16d430,,,,,,,
bf1745af,,,,,,,
127f2e97,,,,,,,
9d481aac,,,,,,,
052aa76e,,,,,,,
8b56f279,,,,,,,
65263aa1,,,,,,,
d8b038e2,,,,,,,
770c8832,,,,,,,
56f9980d,,,,,,,
3d1e66d3,,,,,,,
6a3a142b,,,,,,,
ae65e7dd,,,,,,,
9822b9c9,,,,,,,
0e982c96,,,,,,,
830be49f,,,,,,,
17c2ed26,,,,,,,
799ca345,,,,,,,
b83f829b,,,,,,,
6ea369f8,,,,,,,
3a11f5f6,,,,,,,
9414a974,,,,,,,
9406849c,,,,,,,
e542cc80,,,,,,,
63adc3b5,,,,,,,
5b7d45b2,,,,,,,
a6ee7486,,,,,,,
b3ee292a,,,,,,,
92c76492,,,,,,,
e21447a1,,,,,,,
eb6e1a48,,,,,,,
0bac2ea7,,,,,,,
4159594b,,,,,,,
86255c9c,,,,,,,
36b26c2b,,,,,,,
34173f03,,,,,,,
5e7d4b86,,,,,,,
18905f71,,,,,,,
e405fbf0,,,,,,,
97f77ad7,,,,,,,
a64ab917,,,,,,,
5008384d,,,,,,,
491d4c35,,,,,,,
0b1a53b9,,,,,,,
960bfcc7,,,,,,,
0bcceded,,,,,,,
0ce4807b,,,,,,,
a53b37dd,,,,,,,
b20f8a6b,,,,,,,
3f0a1335,,,,,,,
d0be0396,,,,,,,
404ce73d,,,,,,,
69f145b0,,,,,,,
0be527ec,,,,,,,
07f73e9d,,,,,,,
77ad6aad,,,,,,,
3f6abf4f,,,,,,,
27414c33,,,,,,,
9a841791,,,,,,,
b58a44a9,,,,,,,
cd4b0901,,,,,,,
947d369f,,,,,,,
489728a0,,,,,,,
b20800b5,,,,,,,
97641a75,,,,,,,
478a6b9e,,,,,,,
d39fc0af,,,,,,,
01221822,,,,,,,
3f5bfc94,,,,,,,
ca13bb29,,,,,,,
09eefd82,,,,,,,
29cc516c,,,,,,,
4d64d0d9,,,,,,,
e19491b0,,,,,,,
88b94b77,,,,,,,
4cd134d4,,,,,,,
9aa59f66,,,,,,,
7dbdd29e,,,,,,,
66119a97,,,,,,,
46ec7f4b,,,,,,,
70c27855,,,,,,,
06e69054,,,,,,,
ee7bbf38,,,,,,,
fb951f3f,,,,,,,
2a35a7e6,,,,,,,
12ac665d,,,,,,,
fe7d044d,,,,,,,
eb154f64,,,,,,,
b9b78de8,,,,,,,
2847fe59,,,,,,,
c4a7df65,,,,,,,
5b3a88c3,,,,,,,
b71a4d5b,,,,,,,
d603e094,,,,,,,
e17eb060,,,,,,,
9e977399,,,,,,,
372d432f,,,,,,,
4cfece24,,,,,,,
c21126ec,,,,,,,
eda5fc7f,,,,,,,
14f01c49,,,,,,,
ba784824,,,,,,,
49a49e82,,,,,,,
eff80e48,,,,,,,
23fd60e4,,,,,,,
e0407e3d,,,,,,,
fef25073,,,,,,,
9d674387,,,,,,,
c7b84e52,,,,,,,
96ae69d5,,,,,,,
ab51fb39,,,,,,,
c9d2ce7b,,,,,,,
4dcb431b,,,,,,,
438c7f50,,,,,,,
d7f49450,,,,,,,
3059df63,,,,,,,
7f65a2d0,,,,,,,
744abeeb,,,,,,,
49280144,,,,,,,
e808ec87,,,,,,,
284cf118,,,,,,,
ce37f239,,,,,,,
dfdd4dd8,,,,,,,
84efe4b8,,,,,,,
32417cc7,,,,,,,
ad5fb8c6,,,,,,,
c16726cb,,,,,,,
d7e5828e,,,,,,,
da78b9dd,,,,,,,
b31611da,,,,,,,
420f249b,,,,,,,
be29946a,,,,,,,
7237ec5f,,,,,,,
49e5ea30,,,,,,,
e2116135,,,,,,,
d4eec60b,,,,,,,
93c1f6e2,,,,,,,
d720c4b3,,,,,,,
26951d69,,,,,,,
5ca6f532,,,,,,,
a80d18ad,,,,,,,
683808a9,,,,,,,
448775a2,,,,,,,
05a3d69d,,,,,,,
295edea4,,,,,,,
7a4e2edd,,,,,,,
af677d14,,,,,,,
5614fefc,,,,,,,
0b0d8575,,,,,,,
ae3e4a26,,,,,,,
f658bb54,,,,,,,
2c4c0ebb,,,,,,,
5e99bca5,,,,,,,
5c2d8fdf,,,,,,,
4d15980a,,,,,,,
b9896033,,,,,,,
daa4f999,,,,,,,
cf389531,,,,,,,
f70210a2,,,,,,,
3eea6925,,,,,,,
ad3fbaeb,,,,,,,
c90cfca5,,,,,,,
b78c6288,,,,,,,
4eff4fd9,,,,,,,
7e14d88b,,,,,,,
11f7c85d,,,,,,,
d500b911,,,,,,,
3ad58113,,,,,,,
cf53ca72,,,,,,,
860db847,,,,,,,
2f0d1b96,,,,,,,
949954a0,,,,,,,
76c57b1b,,,,,,,
c0f03734,,,,,,,
ce80eeaa,,,,,,,
c50830f6,,,,,,,
8f53ba34,,,,,,,
1fd9aca4,,,,,,,
e5591290,,,,,,,
05af1a5e,,,,,,,
8252d4af,,,,,,,
7ed05c80,,,,,,,
a1d1e49c,,,,,,,
e86aa4c5,,,,,,,
fb2fe0d2,,,,,,,
b1c3b721,,,,,,,
3cc8853c,,,,,,,
df188b5b,,,,,,,
54d38640,,,,,,,
0a2d6858,,,,,,,
315929f6,,,,,,,
2a1b0a59,,,,,,,
979e729c,,,,,,,
a051b46a,,,,,,,
6e1f3cfb,,,,,,,
913900a0,,,,,,,
887cd0b1,,,,,,,
22e60a5b,,,,,,,
e5299d8a,,,,,,,
f4fdd857,,,,,,,
115470b7,,,,,,,
182500c8,,,,,,,
67905b37,,,,,,,
ea922d1d,,,,,,,
fb3fabc1,,,,,,,
2a53cd32,,,,,,,
f86c11a5,,,,,,,
87b77abe,,,,,,,
e14d7a39,,,,,,,
9d684aaf,,,,,,,
d6eb5f6b,,,,,,,
7cf29999,,,,,,,
4492cde9,,,,,,,
650c2ec1,,,,,,,
a7cde68f,,,,,,,
dd82999e,,,,,,,
56a971e4,,,,,,,
990b7eab,,,,,,,
a0105d6a,,,,,,,
7f1e7028,,,,,,,
81659bf7,,,,,,,
7afad961,,,,,,,
7bef14fe,,,,,,,
edfd1e49,,,,,,,
a8b91192,,,,,,,
1903700a,,,,,,,
5c636c46,,,,,,,
1914204d,,,,,,,
5ba40fd3,,,,,,,
6282b7a1,,,,,,,
fcf16d54,,,,,,,
75f3139c,,,,,,,
40760126,,,,,,,
a04748bf,,,,,,,
54d6946d,,,,,,,
aee8f4b3,,,,,,,
af145591,,,,,,,
f5d670b7,,,,,,,
6367668b,,,,,,,
c043bf5e,,,,,,,
72792851,,,,,,,
4a46e185,,,,,,,
8be5eb22,,,,,,,
481605e3,,,,,,,
b832adab,,,,,,,
8b53ee93,,,,,,,
56be62e8,,,,,,,
3f207cd5,,,,,,,
769e647e,,,,,,,
0f7e973b,,,,,,,
c2a46ed9,,,,,,,
c944b378,,,,,,,
73d33124,,,,,,,
4987f440,,,,,,,
1920ea41,,,,,,,
7cbda34b,,,,,,,
3a54be4b,,,,,,,
24eeb884,,,,,,,
9a7088fb,,,,,,,
5e288963,,,,,,,
ace1f83b,,,,,,,
baa67fc4,,,,,,,
10b45165,,,,,,,
730a135f,,,,,,,
6131b124,,,,,,,
e97d5558,,,,,,,
70f6aeaa,,,,,,,
54527f8e,,,,,,,
86a06693,,,,,,,
21b3c222,,,,,,,
85fc729a,,,,,,,
9bdcd544,,,,,,,
7f371c09,,,,,,,
874af7ee,,,,,,,
00abb884,,,,,,,
976b1ee1,,,,,,,
e6b11e6a,,,,,,,
647943a6,,,,,,,
bf53af2f,,,,,,,
45ca50a1,,,,,,,
ba5afeef,,,,,,,
adcfc578,,,,,,,
25aeae76,,,,,,,
ea6c914d,,,,,,,
51a4d4a7,,,,,,,
a6511855,,,,,,,
762d15e3,,,,,,,
1e4f81df,,,,,,,
d7a7c49c,,,,,,,
de8fde20,,,,,,,
a093cbd7,,,,,,,
fd8f1f90,,,,,,,
d542f08e,,,,,,,
16c1a31d,,,,,,,
27055e95,,,,,,,
0accf0c1,,,,,,,
dff3fb32,,,,,,,
388644b2,,,,,,,
418d3b59,,,,,,,
d5800ba1,,,,,,,
275f5592,,,,,,,
0b5d8f00,,,,,,,
07cb9e34,,,,,,,
54df4388,,,,,,,
05c6fb31,,,,,,,
2cbbab0c,,,,,,,
fa43a180,,,,,,,
4ffafe48,,,,,,,
be3d9b0a,,,,,,,
81493302,,,,,,,
a7ca94d9,,,,,,,
f2a84050,,,,,,,
0d1f2d28,,,,,,,
388dff61,,,,,,,
0039a21f,,,,,,,
5adec168,,,,,,,
47f3842e,,,,,,,
016ca4f0,,,,,,,
448ff514,,,,,,,
597f4976,,,,,,,
783871a2,,,,,,,
b104334c,,,,,,,
11a9bb75,,,,,,,
223bee6e,,,,,,,
c1f888ee,,,,,,,
dccbb709,,,,,,,
a763523d,,,,,,,
edeaa32c,,,,,,,
2cdabdcb,,,,,,,
68b795f0,,,,,,,
ac93377a,,,,,,,
f50daa02,,,,,,,
bc902a24,,,,,,,
03cc7af0,,,,,,,
8afa8144,,,,,,,
07ddec76,,,,,,,
6eff756b,,,,,,,
7f935a2a,,,,,,,
74d6239c,,,,,,,
3a40f317,,,,,,,
cd12b25c,,,,,,,
5996d538,,,,,,,
1fe59a71,,,,,,,
1878a47e,,,,,,,
5bfd55d9,,,,,,,
0d6bac47,,,,,,,
631de8ac,,,,,,,
2ba05d98,,,,,,,
b603c871,,,,,,,
0671ad6d,,,,,,,
46c7ac8a,,,,,,,
2c255632,,,,,,,
038865de,,,,,,,
da18204f,,,,,,,
c6b97f76,,,,,,,
9a361d2f,,,,,,,
f49c3089,,,,,,,
f254fb5f,,,,,,,
de8bdcff,,,,,,,
8eb80880,,,,,,,
94dc5eae,,,,,,,
e2d02f66,,,,,,,
d89951f0,,,,,,,
32252888,,,,,,,
64918691,,,,,,,
3e382cfd,,,,,,,
4e8fc82a,,,,,,,
4031399a,,,,,,,
b78ac02c,,,,,,,
bd0880a2,,,,,,,
e8adaee0,,,,,,,
c035c118,,,,,,,
3a0f6f4b,,,,,,,
7c965b8d,,,,,,,
2d4ee7fa,,,,,,,
38a3281b,,,,,,,
846667a8,,,,,,,
2e679565,,,,,,,
46208fc5,,,,,,,
c98cbd66,,,,,,,
73b7a868,,,,,,,
0858c0fe,,,,,,,
153c951b,,,,,,,
97223f0c,,,,,,,
cdbf268a,,,,4-7-8 breathing,calm,,
8d219312,,,,,,,4-7-8 breathing
d7d59128,,,,,,,4-7-8 breathing
122533f2,,,,,,,4-7-8 breathing
48ac19d6,,,,,,,4-7-8 breathing
5ad54156,,,,,,,4-7-8 breathing
e92e7023,,,,,,,4-7-8 breathing
1a00b27b,,,,,,,4-7-8 breathing
cad85fc2,,,,,,,4-7-8 breathing
911ed689,,,,,,,4-7-8 breathing
e646edd2,,,,,,,box_breathing
4ebdc40d,,,,,,,box_breathing
2577af0a,,,,,,,box_breathing
b57bfa3d,,,,,,,box_breathing
ea1d9115,,,,,,,box_breathing
c9ba5e25,,,,,,,box_breathing
b81fb89d,,,,,,,box_breathing
c143a211,,,,,,,box_breathing
f821df74,,,,,,,box_breathing
29d40ff8,,,,,,,box_breathing
0fee6eed,,,,,,,box_breathing
8319c0b2,,,,,,,box_breathing
392e8f01,,,,,,,box_breathing
08ea7333,,,,,,,box_breathing
cec52291,,,,,,,box_breathing
721c6e6d,,,,,,,box_breathing
f1cb3299,,,,,,,box_breathing
990c25ba,,,,,,,
518cc88c,,,,,,,
4cdee695,,,,,,,
77e64010,,,,,,,
2525d7e9,,,,,,,
782f6b0f,,,,,,,
0f0285ae,,,,,,,
ccc93867,,,,,,,
b22e7d7c,,,,,,,
f85c7d0c,,,,,,,
47b7981c,,,,,,,
2b201f24,,,,,,,
eb680bf3,,,,gayatri_mantra,inspired,,
de644ee9,,,,,,,gayatri_mantra
c1c408d1,,,,,,,gayatri_mantra
b13f8fa4,,,,,,,gayatri_mantra
bf9c3672,,,,,,,gayatri_mantra
6ef01dc5,,,,,,,gayatri_mantra
4cef4383,,,,,,,gayatri_mantra
2720ba44,,,,,,,gayatri_mantra
2bcc8db5,,,,,,,gayatri_mantra
7eba8134,,,,,,,gayatri_mantra
495ea991,,,,,,,gayatri_mantra
037d17b0,,,,,,,gayatri_mantra
123c1a51,,,,,,,gayatri_mantra
2b167e3d,,,,,,,
f25329f5,,,,,,,
bd595207,,,,,,,
7e3f1b78,,,,,,,
2a3b00cb,,,,,,,
fba54c43,,,,,,,
c0a40156,,,,,,,
769ef3b3,,,,,,,om_chanting
3eea05c9,,,,,,,om_chanting
73bf0416,,,,,,,om_chanting
ae1b6114,,,,,,,om_chanting
2efe0893,,,,,,,om_chanting
d9f03b2e,,,,,,,om_chanting
bb370aea,,,,,,,om_chanting
6e02e4d6,,,,,,,
9bb5c18b,,,,,,,
b48b4bdf,,,,,,,
236ef8c1,,,,,,,
2ed22e33,,,,,,,
f9baf49f,,,,,,,
9117a852,,,,,,,
9ba94fdd,,,,,,,
c7db8fcb,,,,,,,
58a2209e,,,,,,,
e0c0ac37,,,,,,,
c2c5aec6,,,,,,,
401f6f86,,,,,,,
7a32d9e9,,,,,,,
fc6152b9,,,,,,,
53e359c9,,,,,,,
725ff1e9,,,,,,,
bc5f8fb1,,,,,,,
8e8972d1,,,,,,,
f64f754e,,,,,,,
41a68b01,,,,,,,
a148808d,,,,,,,
814f73d2,,,,,,,
a0ea9f31,,,,,,,
753e318c,,,,,,,
c72028d9,,,,,,,
2f397c1d,,,,,,,
499dc2cf,,,,,,,
765cf849,,,,,,,wim_hof
4506709e,,,,,,,wim_hof
f9ebffe4,,,,,,,wim_hof
7937a243,,,,,,,wim_hof
5ae4b7a4,,,,,,,wim_hof
3a555000,,,,,,,wim_hof